role,skills
Data Scientist,Python SQL Machine Learning Data Analysis Statistics Pandas
DevOps Engineer,AWS Docker Kubernetes CI/CD Automation Linux Terraform
Backend Developer,Java Python SQL APIs Spring Boot Databases
Cloud Architect,Cloud Computing AWS Azure Automation Networking Security
Frontend Developer,JavaScript React CSS HTML Web Design UI
Data Engineer,Python SQL ETL Data Pipelines Spark Cloud Computing
Machine Learning Engineer,Python Machine Learning TensorFlow Deep Learning Data Structures
Sys Admin,Linux Networking Automation Bash Security Cloud Computing
Mobile Developer,Java Kotlin Android Mobile Development APIs
Cybersecurity Analyst,Security Networking Linux Python Automation
